Product name,SKU,URL,Image url,Price,Discount,Review count,Description,Tiki Now,Under Price,Benefit,Gift
Laptop Dell Vostro 5490 V4I5106W (Core 5-10210U/ 8GB DDR4 2666MHz/ 256GB M.2 PCIe NVMe/ 14 FHD/ Win10) - Hàng Chính Hiệu,3358503660793,https://tiki.vn/laptop-dell-vostro-5490-v4i5106w-core-5-10210u-8gb-ddr4-2666mhz-256gb-m-2-pcie-nvme-14-fhd-win10-hang-chinh-hieu-p45183900.html?src=ss-organic,https://salt.tikicdn.com/ts/upload/f3/74/46/f4c52053d220e94a047410420eaf9faf.png,19.500.000 ₫,2%,0,"Cấu hình mạnh mẽ hướng đến nhu cầu đồ họa kỹ thuật
Laptop Dell Vostro 5490 V4I5106W được trang bị bộ vi xử lý Intel Core i5 Comet Lake thế hệ thứ 10 mới ra mắt và có hiệu năng cao nhất hiện nay kết...",No,Yes,No,No
Laptop MSI GF75 Thin 10SCSR-208VN (Core i7-10750H/ 8GB DDR4 2666MHz/ 512GB NVMe PCIe SSD/ GTX1650 Ti 4GB GDDR6/ 17.3 FHD IPS/ Win10) - Hàng Chính Hãng,2553069202031,https://tiki.vn/laptop-msi-gf75-thin-10scsr-208vn-core-i7-10750h-8gb-ddr4-2666mhz-512gb-nvme-pcie-ssd-gtx1650-ti-4gb-gddr6-17-3-fhd-ips-win10-hang-chinh-hang-p56693998.html?src=ss-organic,https://salt.tikicdn.com/cache/280x280/ts/product/97/28/c7/7c3127dcfa60f2e7374dc9bc14510b53.jpg,25.990.000 ₫,9%,0,"Thiết kế
MSI GF75 Thin 10SCSR 208VN là chiếc laptop đầu tiên mang thiên hướng thiết kế mới, thiết kế công thái học. Với mặt trên và mặt bàn phím bằng kim loại, kết hợp với thiết kế tương lai hoàn...",No,No,No,No
"LapTop Lenovo ThinkBook 14 IML (20SL00MEVN) | Intel Core i7 _ 1065G7 | 8GB | 512GB SSD PCIe | VGA INTEL | Win 10 | 14"" Full HD IPS | Hàng Chính Hãng",4462855996123,https://tiki.vn/laptop-lenovo-thinkbook-14-iml-20sl00mevn-intel-core-i7-_-1065g7-8gb-512gb-ssd-pcie-vga-intel-win-10-14-full-hd-ips-hang-chinh-hang-p75760165.html?src=ss-organic,https://salt.tikicdn.com/ts/upload/f3/74/46/f4c52053d220e94a047410420eaf9faf.png,19.800.000 ₫,17%,0,"Đặc Điểm Nổi BậtLaptop Lenovo ThinkBook 14 AIIL i7 (20SL00MEVN) là dòng laptop học tập - văn phòng với thiết kế sang trọng, hiệu năng mạnh mẽ, độ bền cao, khả năng bảo mật tối ưu sẽ giúp bạn đạt được...",No,No,No,No
Máy tính laptop Surface Book 2 15 Inch Core I7 Ram 16Gb 1Tb (New) - Hàng chính hãng ,5874444947239,https://tiki.vn/may-tinh-laptop-surface-book-2-15-inch-core-i7-ram-16gb-1tb-new-hang-chinh-hang-p48393012.html?src=ss-organic,https://salt.tikicdn.com/ts/upload/f3/74/46/f4c52053d220e94a047410420eaf9faf.png,69.900.000 ₫,18%,0,"



Màn hình


15 inch




Độ phân giải


3240 x 2160, (260 PPI)




Hệ điều hành


Windows 10 Pro




CPU


Intel Core i5




Bộ nhớ


SSD 256GB




RAM


8GB




Đồ họa


GPU tích hợp đồ họa Intel...",No,No,No,No
Laptop Acer Aspire E5-476-50SZ (NX.H33SV.001). Intel Core  I5 8250U - Hàng Nhập Khẩu,6646915008348,https://tiki.vn/laptop-acer-aspire-e5-476-50sz-nx-h33sv-001-intel-core-i5-8250u-hang-nhap-khau-p73552890.html?src=ss-organic,https://salt.tikicdn.com/cache/280x280/ts/product/a3/71/83/78f867dab879b5e737497d4ba68b36c4.jpg,10.790.000 ₫,10%,0,Acer Aspire E5 476 50SZ i5 8250U với cấu hình cao bộ vi xử lý i5 8250U thế hệ thứ 8 kết hợp công nghệ Intel Optane mới nhất từ Intel được phân phối độc quyền tại Thế giới di động. Với mức giá thành...,No,No,No,No
Laptop Acer Swift 3X SF314-510G-5742 NX.A10SV.003 (Core i5-1135G7/ 16GB LPDDR4X 4266MHz/ 1TB SSD M.2 PCIE Gen3x4/ 14 FHD IPS/ Win10) - Hàng Chính Hãng,2866991237584,https://tiki.vn/laptop-acer-swift-3x-sf314-510g-5742-nx-a10sv-003-core-i5-1135g7-16gb-lpddr4x-4266mhz-1tb-ssd-m-2-pcie-gen3x4-14-fhd-ips-win10-hang-chinh-hang-p73833676.html?src=ss-organic,https://salt.tikicdn.com/cache/280x280/ts/product/02/4e/79/7377650a328edf97b61fe6fe9448cfd9.jpg,25.029.000 ₫,7%,1,"Thiết kế nguyên khối sang trọng
Laptop Acer Swift 3X SF314-510G-5742 NX.A10SV.003 được thiết kế màn hình tràn viền cạnh siêu mỏng chỉ 6.3mm. Vỏ máy làm từ hợp kim nguyên khối cứng cáp, sang trọng....",Yes,No,Yes,No
Laptop Acer Swift 3 SF314-42-R0TR NX.HSESV.002 (AMD R5-4500U/ 16GB (8GBx2) LPDDR4 4266MHz/ 1TB SSD M.2 PCIE Gen3x4/ 14 FHD IPS/ Win10) - Hàng Chính Hãng,9300996512598,https://tiki.vn/laptop-acer-swift-3-sf314-42-r0tr-nx-hsesv-002-amd-r5-4500u-16gb-8gbx2-lpddr4-4266mhz-1tb-ssd-m-2-pcie-gen3x4-14-fhd-ips-win10-hang-chinh-hang-p81503279.html?src=ss-organic,https://salt.tikicdn.com/cache/280x280/ts/product/92/92/62/2a664d9d04d36a1a2c2609b4e4a7b27e.jpg,20.379.000 ₫,7%,0,"Vỏ nhôm nguyên khối sang trọng
Laptop Acer Swift 3 SF314-42-R0TR NX.HSESV.002 là dòng laptop mỏng nhẹ chỉ từ 1.2kg với chất liệu hợp kim nhôm magie và chỉ mỏng 16.90mm. Viền màn hình mỏng chỉ 4.37mm...",Yes,No,Yes,No
"Laptop HP ProBook 450 G6 6FG83PA Core i7-8565U/MX130/Dos (15.6"" FHD) - Hàng Chính Hãng",1530936968352,https://tiki.vn/laptop-hp-probook-450-g6-6fg83pa-core-i7-8565u-mx130-dos-15-6-fhd-hang-chinh-hang-p13947741.html?src=ss-organic,https://salt.tikicdn.com/cache/280x280/ts/product/4f/17/15/d38e6a7c313c247cbd3f679d4cbac3ec.jpg,19.499.000 ₫,22%,0,"Tổng quan thiết kế
Laptop HP ProBook 450 G6 6FG83PA Core i7-8565U/MX130/Dos (15.6"" FHD) - Hàng Chính Hãng với thiết kế cứng cáp, bảo mật dễ và nhiều tính năng được nâng cấp, thừa hưởng nguyên vẹn...",Yes,Yes,Yes,No
Laptop Acer Aspire 5 A514-53-346U NX.HUSSV.005 (Core i3-1005G1/ 4GB RAM/ 512GB SSD/ 14 FHD/ Win 10) - Hàng Chính Hãng,9992948714327,https://tiki.vn/laptop-acer-aspire-5-a514-53-346u-nx-hussv-005-core-i3-1005g1-4gb-ram-512gb-ssd-14-fhd-win-10-hang-chinh-hang-p53827009.html?src=ss-organic,https://salt.tikicdn.com/cache/280x280/ts/product/b3/ad/9e/c82586eeefbafc478b47ef78dc97cb96.jpg,13.100.000 ₫,10%,0,"Thiết kế sang trọng
Laptop Acer Aspire 5 A514-53-346U NX.HUSSV.005 (Core i3-1005G1/ 4GB RAM/ 512GB SSD/ 14 FHD/ Win 10) - Hàng Chính Hãng có lớp vỏ được chế tạo từ chất liệu nhôm cao cấp với các họa...",No,Yes,No,No
Laptop Acer Aspire A315-51-325E NX.GNPSV.037 . Intel Core I3 7020U-Hàng Nhập Khẩu,4559074592349,https://tiki.vn/laptop-acer-aspire-a315-51-325e-nx-gnpsv-037-intel-core-i3-7020u-hang-nhap-khau-p75824033.html?src=ss-organic,https://salt.tikicdn.com/cache/280x280/ts/product/c2/c3/0d/c68338b74b29f199a612914071342d87.jpg,7.590.000 ₫,16%,1,"Hệ điều hành : Free Dos
Bộ vi xử lý : Intel Core i3-7020U (2.30GHz, 2Cores, 4Threads, 3MB cache, FSB 4GT/s)
Màn hình ; 15.6inch HDLed (1366 x 768)
Đồ họa ; Intel HD Graphics 620
Bộ nhớ Ram ; 4 GB,...",No,Yes,No,No
Dell Inspiron 5584Y : i7-8565U | 8GB RAM | 1TB HDD + 128GB SSD | GeForce MX130 4GB | 15.6 FHD | Win10 | Silver - Hàng chính hãng,8059331874462,https://tiki.vn/dell-inspiron-5584y-i7-8565u-8gb-ram-1tb-hdd-128gb-ssd-geforce-mx130-4gb-15-6-fhd-win10-silver-hang-chinh-hang-p35855736.html?src=ss-organic,https://salt.tikicdn.com/ts/upload/f3/74/46/f4c52053d220e94a047410420eaf9faf.png,20.300.000 ₫,19%,0,"
THÔNG SỐ KỸ THUẬT






Mã sản phẩm / Model
5584Y


Bộ Vi Xử Lý / CPU
Intel Core i7 8565U (1.8GHz up to 4.6GHz)


Bộ Nhớ Trong / RAM
8GB DDR4


Ổ Cứng / HDD
1TB HDD + 128GB SSD


Màn hình / LCD
15.6...",Yes,No,No,No
"Laptop Acer Gaming Nitro 5 2021 AN515-55-72P6 NH.QBNSV.004 (Core i7-10750H/ 8GB/ 512GB SSD/ GTX 1650 4G /15.6 FHD, 144Hz/ Win10) - Hàng Chính Hãng",3118215681435,https://tiki.vn/laptop-acer-gaming-nitro-5-2021-an515-55-72p6-nh-qbnsv-004-core-i7-10750h-8gb-512gb-ssd-gtx-1650-4g-15-6-fhd-144hz-win10-hang-chinh-hang-p81504198.html?src=ss-organic,https://salt.tikicdn.com/cache/280x280/ts/product/b5/5f/70/9be156332612fea4a687ea73c8e46dcf.jpg,24.149.000 ₫,7%,0,"Thiết kế mạnh mẽ chuẩn gaming
Laptop Acer Gaming Nitro 5 2021 AN515-55-72P6 NH.QBNSV.004 mang đến vẻ hầm hố, mạnh mẽ thông qua thiết kế của mình. Toàn bộ thân máy được làm bằng nhựa với tone màu đen...",Yes,No,Yes,No
"Laptop Asus TUF Gaming F15 FX506LU-HN138T (Core i7-10870H/ 8GB DDR4 3200MHz/ 512GB SSD M.2 PCIE G3X2/ GTX 1660Ti 6GB GDDR6/ 15.6 FHD IPS, 144Hz/ Win10) - Hàng Chính Hãng",2872509099025,https://tiki.vn/laptop-asus-tuf-gaming-f15-fx506lu-hn138t-core-i7-10870h-8gb-ddr4-3200mhz-512gb-ssd-m-2-pcie-g3x2-gtx-1660ti-6gb-gddr6-15-6-fhd-ips-144hz-win10-hang-chinh-hang-p75540710.html?src=ss-organic,https://salt.tikicdn.com/cache/280x280/ts/product/26/8c/10/c7b674f195408732822d62964add8ed5.jpg,28.739.000 ₫,7%,0,"
Chiếc laptop đẳng cấp chiến binh
Được trang bị với độ bền phù hợp với các tác vụ thực tế và chơi game, ASUS TUF Gaming F15 FX506LU-HN138T là laptop gaming chạy Windows 10 Home có thể giúp bạn giành...",Yes,No,Yes,No
"Laptop MSI GE75 Raider 10SFS-270VN (Core i9-10980HK/ 16GB (8GB x2) DDR4 3200MHz/ HDD 1TB 7200rpm + 512GB SSD PCIE G3X4/ RTX 2070 Super 8GB GDDR6/ 17.3 FHD IPS, 240Hz, 3ms/ Win10) - Hàng Chính Hãng",5969383700163,https://tiki.vn/laptop-msi-ge75-raider-10sfs-270vn-core-i9-10980hk-16gb-8gb-x2-ddr4-3200mhz-hdd-1tb-7200rpm-512gb-ssd-pcie-g3x4-rtx-2070-super-8gb-gddr6-17-3-fhd-ips-240hz-3ms-win10-hang-chinh-hang-p77710886.html?src=ss-organic,https://salt.tikicdn.com/cache/280x280/ts/product/c4/37/d3/d4946410a6391b81b1897bcec10ce669.jpg,63.559.000 ₫,5%,0,"Thiết kế độc đáo
Phong cách được thiết kế theo lối mạnh mẽ, hầm hố nhưng cũng không kém đi phần tinh tế và thẩm mỹ. Được phủ lên cho mình tông đen huyền bí càng làm cho Laptop MSI GE75 Raider...",Yes,Yes,Yes,No
Laptop Acer Aspire E5 576G 52YQ (NX.GWNSV.001). Intel Core I5 8250U - Hàng Nhập Khẩu,5666062077517,https://tiki.vn/laptop-acer-aspire-e5-576g-52yq-nx-gwnsv-001-intel-core-i5-8250u-hang-nhap-khau-p73574575.html?src=ss-organic,https://salt.tikicdn.com/cache/280x280/ts/product/32/64/14/3fde14f76e05912e8fc1c68abf4dd07d.jpg,10.990.000 ₫,15%,0,"Thiết kế đẹp mắt
Mang một thiết kế phổ thông của laptop Acer, Aspire E5 576G 52YQ i5 8250U mang đến một cảm giác chắc chắn và cứng cáp. Máy cũng không quá nặng với trọng lượng 2.23 kg, thuận tiện cho...",No,No,No,No
Microsoft Surface Pro 6-(2018) - Core i5-8250U/8G/256GB  (KJT-00001) - Platinum - Hàng Nhập Khẩu (Latop) ,2086309221634,https://tiki.vn/microsoft-surface-pro-6-2018-core-i5-8250u-8g-256gb-kjt-00001-platinum-hang-nhap-khau-latop-p50028403.html?src=ss-organic,https://salt.tikicdn.com/ts/upload/f3/74/46/f4c52053d220e94a047410420eaf9faf.png,25.500.000 ₫,9%,0,"
Nâng tầm sức mạnh
Microsoft Surface Pro 2018 là một kiệt tác đầy tính sáng tạo, vượt ra khỏi những khuôn khổ của một chiếc laptop. Bước sang thế hệ thứ 6, với những cải tiến mạnh mẽ về sức mạnh...",No,No,No,No
Laptop Lenovo ideapad 3-15IIL05 Core i5-1035G1 / 12GB / 256GB / 15.6 inch Touch Screen - Hàng Nhâp Khẩu Mỹ,2250640331550,https://tiki.vn/laptop-lenovo-ideapad-3-15iil05-core-i5-1035g1-12gb-256gb-15-6-inch-touch-screen-hang-nhap-khau-my-p84574358.html?src=ss-organic,https://salt.tikicdn.com/cache/280x280/ts/product/8c/45/b8/5538852acabc739e6599654a41094cd4.jpeg,16.950.000 ₫,15%,0,"
CPU: Intel Core i5-1035G1 Processor (6M Cache, up to 3.60 GHz)
RAM:   12GB  DDR4, 2666 MHz
Ổ cứng: 256G SSD  M.2 PCIe 2280
Màn hình: 15.6 inch, HD TN, Cảm ứng
Đồ họa: Intel UHD Graphics for 10th Gen...",No,No,No,No
Laptop Avita Liber V14 NS14A8VNF561-SGB (Core i5-10210U / 8GB DDR4 2400MHz/ 512GB SSD M.2 SATA/ 14 FHD/ Win10) - Hàng Chính Hãng,8218470705208,https://tiki.vn/laptop-avita-liber-v14-ns14a8vnf561-sgb-core-i5-10210u-8gb-ddr4-2400mhz-512gb-ssd-m-2-sata-14-fhd-win10-hang-chinh-hang-p73808530.html?src=ss-organic,https://salt.tikicdn.com/cache/280x280/ts/product/88/92/16/2623ae298042b732972b1f56786ccee9.jpg,16.079.000 ₫,5%,0,"Thiết kế thanh lịch, trang nhã
Laptop Avita Liber V14 NS14A8VNF561-SGB mang trên mình một sự trang nhã trong thiết kế, với trọng lượng 1.3kg và kích thước 31.8 x 21.8 x 1.59 cm khiến chiếc laptop này...",Yes,Yes,Yes,No
Laptop Asus ExpertBook P2451FA-EK1620T (Core i5-10210U/ 8GB DDR4 2666MHz SDRAM/ 512GB PCIe Gen3 x2 SSD M.2/ 14 FHD/ Win10) - Hàng Chính Hãng,5623265314002,https://tiki.vn/laptop-asus-expertbook-p2451fa-ek1620t-core-i5-10210u-8gb-ddr4-2666mhz-sdram-512gb-pcie-gen3-x2-ssd-m-2-14-fhd-win10-hang-chinh-hang-p82482203.html?src=ss-organic,https://salt.tikicdn.com/cache/280x280/ts/product/28/10/cb/f42bacb707b8be49f719f385ae4e392d.jpg,16.699.000 ₫,7%,0,"Thiết kế theo kiến trúc tối giản, bền bỉ, thanh lịch
Các nhà thiết kế của Asus đã lấy cảm hứng từ kiến ​​trúc tối giản, mang đến cho chiếc Laptop Asus ExpertBook P2451FA-EK1620T những đường nét mạnh...",Yes,No,Yes,No
"Laptop MSI GS66 Stealth 10SE-407VN (Core i7-10750H/ 16GB (8GBx2) DDR4 3200MHz/ 512GB SSD PCIE G3X4/ RTX 2060 6GB GDDR6/ 15.6 FHD IPS, 240Hz, 3ms/ Win10) - Hàng Chính Hãng",4686656192663,https://tiki.vn/laptop-msi-gs66-stealth-10se-407vn-core-i7-10750h-16gb-8gbx2-ddr4-3200mhz-512gb-ssd-pcie-g3x4-rtx-2060-6gb-gddr6-15-6-fhd-ips-240hz-3ms-win10-hang-chinh-hang-p73164409.html?src=ss-organic,https://salt.tikicdn.com/cache/280x280/ts/product/cb/32/b4/b237dc44a94d0b9fceee7a7de3b617fe.jpg,44.509.000 ₫,5%,1,"Thiết kế tinh xảo
Laptop MSI GS66 Stealth 10SE-407VN với logo khắc laser, chiếc GS66 Stealth nay trông sắc sảo và mảnh mai hơn nhờ thiết Core Black bề mặt vân nhám, phá vỡ kiểu cách truyền thống của...",Yes,Yes,Yes,No
"Laptop Dell Inspiron N3501C i3 1115G4/4GB/256GB/15.6""FHD/Win 10 Hàng chính hãng",9083976626788,https://tiki.vn/laptop-dell-inspiron-n3501c-i3-1115g4-4gb-256gb-15-6-fhd-win-10-hang-chinh-hang-p80782865.html?src=ss-organic,https://salt.tikicdn.com/cache/280x280/ts/product/57/36/92/5339d1a05928f8906f5f029224078116.jpg,11.990.000 ₫,4%,0,"CPU: Intel Core i3-1115G4 (tối đa 4.10GHz, 6MB)
RAM: 4GB (1x4GB) DDR4 2666MHz (2 khe)
Ổ cứng: 256GB SSD M.2 PCle Gen3 x4 NVMe
VGA: Intel UHD Graphics
Màn hình: 15.6-inch FHD (1920 x1080) Anti-Glare...",No,No,No,No
Laptop MSI GF75 Thin 9RCX-432VN (Core i5-9300H/ 8GB DDR4 2666MHz/ 256GB SSD M.2 PCIE/ GTX 1050Ti 4GB/ 17.3 FHD IPS/ Win10) - Hàng Chính Hãng,9681006656227,https://tiki.vn/laptop-msi-gf75-thin-9rcx-432vn-core-i5-9300h-8gb-ddr4-2666mhz-256gb-ssd-m-2-pcie-gtx-1050ti-4gb-17-3-fhd-ips-win10-hang-chinh-hang-p42704938.html?src=ss-organic,https://salt.tikicdn.com/cache/280x280/ts/product/b2/02/40/1add08bbc0d04c51e29151dbe25e0bbb.jpg,21.900.000 ₫,0%,0,"Thiết kế hiện đại, nổi bật
Laptop MSI GF75 Thin 9RCX-432VN có thiết kế đơn giản, tinh tế, gọn nhẹ. Nắp máy và thân máy được làm bằng kim loại mang hơi hướng của tương lai thể hiện sự hiện đại vượt...",No,Yes,No,No
Surface Pro 7 Core I5 Ram 8Gb Ssd 256Gb Brand New - Hàng chính hãng  ( giao màu ngẫu nhiên ),2787376781433,https://tiki.vn/surface-pro-7-core-i5-ram-8gb-ssd-256gb-brand-new-hang-chinh-hang-giao-mau-ngau-nhien-p47370477.html?src=ss-organic,https://salt.tikicdn.com/ts/upload/f3/74/46/f4c52053d220e94a047410420eaf9faf.png,32.890.000 ₫,None,0," 

- CPU: Intel Core i5-1035G4- Card đồ họa: Intel Iris Plus Graphics- Bộ nhớ trong: 256 GB SSD- RAM: 8 GB- Kích thước màn hình: 12.3” PixelSense Display- Độ phân giải: 2736 x 1824 pixels (267...",No,No,No,No
"LapTop Lenovo V15 IIL - 82C500MNVN | Intel Core i3 _ 1005G1 | 4GB | 256GB SSD PCIe | VGA INTEL | 15,6 inch Full HD | Finger | FreeDos | Hàng Chính Hãng",3129941010460,https://tiki.vn/laptop-lenovo-v15-iil-82c500mnvn-intel-core-i3-_-1005g1-4gb-256gb-ssd-pcie-vga-intel-15-6-inch-full-hd-finger-freedos-hang-chinh-hang-p68281811.html?src=ss-organic,https://salt.tikicdn.com/cache/280x280/ts/product/41/84/82/109b677e13b3b4ff8a823c994ea2cdf0.png,9.800.000 ₫,6%,0,"Thông Số Kỹ Thuật



CPU
10th Generation Intel Core i3 _ 1005G1 Processor ( 1.20 GHz, 4M Cache, up to 3.40 GHz)


Memory
4GB DDr4 Bus 2666Mhz Onboard (1 x Slot RAM)


Storage
256GB PCIe NVMe M.2 SSD...",Yes,No,No,No
Surface Book 2 15 Inch Core I7 Ram 16Gb 512Gb (New) - Hàng chính hãng,2601750740109,https://tiki.vn/surface-book-2-15-inch-core-i7-ram-16gb-512gb-new-hang-chinh-hang-p55651297.html?src=ss-organic,https://salt.tikicdn.com/ts/upload/f3/74/46/f4c52053d220e94a047410420eaf9faf.png,62.500.000 ₫,18%,0," 




Màn hình


13.5 inch




Độ phân giải


3240 x 2160, (260 PPI)




Hệ điều hành


Windows 10 Pro




CPU


Intel Core i5




Bộ nhớ


SSD 128GB




RAM


8GB




Đồ họa


GPU tích hợp đồ họa...",No,No,No,No
Combo Laptop AVITA LIBER V 14 màu đen mờ + Balo - Hàng chính hãng,5271910457566,https://tiki.vn/combo-laptop-avita-liber-v-14-mau-den-mo-balo-hang-chinh-hang-p68138622.html?src=ss-organic,https://salt.tikicdn.com/ts/upload/f3/74/46/f4c52053d220e94a047410420eaf9faf.png,16.069.000 ₫,11%,0,"LIBER V 14"" Matt black with Backpack - Intel Core i5-10210U/8GB RAM/512GB SSD
- Hệ điều hành: Windows 10 Home
- CPU: Intel Core i5-10210U
- Màn hình: Tấm nền IPS chống lóa 14 ""16: 9 Full HD (1920 x...",No,No,No,No
"Laptop MSI GS66 Stealth 10UE-200VN (Core i7-10870H/ 16GB (8GBx2) DDR4 3200MHz/ 2TB SSD PCIE G3X4/ RTX3060 Max-Q 6GB GDDR6/ 15.6 FHD IPS, 300Hz/ Win10) - Hàng Chính Hãng",6964804211046,https://tiki.vn/laptop-msi-gs66-stealth-10ue-200vn-core-i7-10870h-16gb-8gbx2-ddr4-3200mhz-2tb-ssd-pcie-g3x4-rtx3060-max-q-6gb-gddr6-15-6-fhd-ips-300hz-win10-hang-chinh-hang-p81534015.html?src=ss-organic,https://salt.tikicdn.com/cache/280x280/ts/product/dd/13/6d/388911242a4ced406f12c45cc33c59f0.jpg,55.679.000 ₫,6%,0,"Thiết kế Core Black sắc sảo
Laptop MSI GS66 Stealth 10UE-200VN (Core i7-10870H/ 16GB (8GBx2) DDR4 3200MHz/ 2TB SSD PCIE G3X4/ RTX3060 Max-Q 6GB GDDR6/ 15.6 FHD IPS, 300Hz/ Win10) - Hàng Chính Hãng...",Yes,No,Yes,No
Laptop Acer Aspire 3 A315-55G-59BC NX.HNSSV.003 (Core i5-10210U/ 4GB DDR4 2400MHz/ 256GB SSD M.2 PCIE/ MX230 2GB/ 15.6 FHD/ Win10) - Hàng Chính Hãng,1778080522796,https://tiki.vn/laptop-acer-aspire-3-a315-55g-59bc-nx-hnssv-003-core-i5-10210u-4gb-ddr4-2400mhz-256gb-ssd-m-2-pcie-mx230-2gb-15-6-fhd-win10-hang-chinh-hang-p52262776.html?src=ss-organic,https://salt.tikicdn.com/cache/280x280/ts/product/a8/50/d4/e2ea169ffe03e38136e1f9ac134610e9.jpg,14.279.000 ₫,5%,0,"Thiết kế nhỏ gọn, bắt mắt
Laptop Acer Aspire 3 A315-55G-59BC NX.HNSSV.003 (Core i5-10210U/ 4GB DDR4 2400MHz/ 256GB SSD M.2 PCIE/ MX230 2GB/ 15.6 FHD/ Win10) - Hàng Chính Hãng có thiết kế màu sắc nổi...",Yes,Yes,Yes,No
Laptop HP Pavilion 15-eg0007TX 2D9D5PA (Core i7-1165G7/ 8GB (8GBx1) DDR4 3200MHz/ 512GB PCIe NVMe M.2 SSD/ MX450 2GB GDDR5/ 15.6 FHD IPS/ Win10 + Office) - Hàng Chính Hãng,6313287548403,https://tiki.vn/laptop-hp-pavilion-15-eg0007tx-2d9d5pa-core-i7-1165g7-8gb-8gbx1-ddr4-3200mhz-512gb-pcie-nvme-m-2-ssd-mx450-2gb-gddr5-15-6-fhd-ips-win10-office-hang-chinh-hang-p84749446.html?src=ss-organic,https://salt.tikicdn.com/cache/280x280/ts/product/26/95/f2/0d407d01e9592b4dd96eab6986149367.jpg,22.459.000 ₫,4%,0,"Kiểu dáng gọn nhẹ, sang trọng và tinh tế
Laptop HP Pavilion 15-eg0007TX 2D9D5PA với thiết kế thanh mảnh, chất liệu nắp lưng và chiếu nghỉ tay bằng kim loại với logo HP sáng bóng trên mặt lưng, HP...",Yes,Yes,Yes,No
"Laptop MSI GF63 Thin 9SCSR-829VN (Core i5-9300H/ 8GB DDR4 2666MHz/ 512GB SSD M.2 PCIE/ GTX 1650Ti 4GB GDDR6 with Max-Q/ 15.6 FHD IPS, 144Hz/ Win10) - Hàng Chính Hãng",7154806469714,https://tiki.vn/laptop-msi-gf63-thin-9scsr-829vn-core-i5-9300h-8gb-ddr4-2666mhz-512gb-ssd-m-2-pcie-gtx-1650ti-4gb-gddr6-with-max-q-15-6-fhd-ips-144hz-win10-hang-chinh-hang-p72033183.html?src=ss-organic,https://salt.tikicdn.com/cache/280x280/ts/product/53/75/79/447b6338201e3cdb2ec331112fb9343c.jpg,20.179.000 ₫,12%,0,"Hiệu năng vượt trội chiến game mạnh mẽ
Laptop MSI GF63 Thin 9SCSR-829VN được đầu tư nhiều về hiệu năng với chip Intel Core i5 - 9300H, tốc độ xung nhịp từ 2.4 - 4.1 Hz kết hợp với card đồ họa rời GTX...",Yes,Yes,Yes,No
Laptop Lenovo Ideapad 320-15IKB 80XL03SNVN CORE I3-7130U (15.6inch) (Black) - Hàng Chính Hãng,4889827496199,https://tiki.vn/laptop-lenovo-ideapad-320-15ikb-80xl03snvn-core-i3-7130u-15-6inch-black-hang-chinh-hang-p6606009.html?src=ss-organic,https://salt.tikicdn.com/cache/280x280/ts/product/fb/45/25/b882a7a8eb4700a1f4a5d87239e232a2.jpg,8.990.000 ₫,18%,0,"
Thiết kế tốt trong tầm giá
Laptop Lenovo Ideapad 320-15IKB 80XL03SNVN CORE I3-7130U (15.6 inch) - Black có thiết kế hài hòa được hoàn thiện bằng chất liệu vỏ nhựa có độ dày 22.9mm và trọng lượng...",No,No,No,No
Microsoft Surface Pro 2018 - Core i5-8250U/8G/256GB - Hàng Chính Hãng,2380146480422,https://tiki.vn/microsoft-surface-pro-2018-core-i5-8250u-8g-256gb-hang-chinh-hang-p8286081.html?src=ss-organic,https://salt.tikicdn.com/ts/upload/f3/74/46/f4c52053d220e94a047410420eaf9faf.png,27.445.000 ₫,24%,0,"
Nâng tầm sức mạnh
Microsoft Surface Pro 2018 là một kiệt tác đầy tính sáng tạo, vượt ra khỏi những khuôn khổ của một chiếc laptop. Bước sang thế hệ thứ 6, với những cải tiến mạnh mẽ về sức mạnh...",Yes,No,No,No
Laptop Asus ExpertBook P2451FA-EK1621 (Core i5 10210U/ 8GB DDR4 2666MHz SDRAM/ 1TB 54R HDD + 256GB SSD/ 14 FHD/ DOS) - Hàng Chính Hãng,5896574242149,https://tiki.vn/laptop-asus-expertbook-p2451fa-ek1621-core-i5-10210u-8gb-ddr4-2666mhz-sdram-1tb-54r-hdd-256gb-ssd-14-fhd-dos-hang-chinh-hang-p82482195.html?src=ss-organic,https://salt.tikicdn.com/cache/280x280/ts/product/55/10/e0/e717b3f3f5f010f98ea569c69ba0f50a.jpg,16.849.000 ₫,6%,0,"Thiết kế theo kiến trúc tối giản, bền bỉ, thanh lịch
Các nhà thiết kế của Asus đã lấy cảm hứng từ kiến ​​trúc tối giản, mang đến cho chiếc Laptop Asus ExpertBook P2451FA-EK1621 những đường nét mạnh...",Yes,No,Yes,No
Laptop Acer Aspire 5 A514-54-540F NX.A28SV.005 (Core i5-1135G7/ 8GB (4GBx2) DDR4 2666MHz/ 512GB SSD M.2 PCIE/ 14 FHD IPS/ Win10) - Hàng Chính Hãng,5120624779794,https://tiki.vn/laptop-acer-aspire-5-a514-54-540f-nx-a28sv-005-core-i5-1135g7-8gb-4gbx2-ddr4-2666mhz-512gb-ssd-m-2-pcie-14-fhd-ips-win10-hang-chinh-hang-p81508726.html?src=ss-organic,https://salt.tikicdn.com/cache/280x280/ts/product/5d/1f/da/5ca2f8b2323bcf45c15a99883c636ba4.jpg,16.259.000 ₫,10%,0,"Mạnh, bền bỉ, trẻ trung đa sắc màu
Laptop Acer Aspire 5 A514-54-540F NX.A28SV.005 (Core i5-1135G7/ 8GB (4GBx2) DDR4 2666MHz/ 512GB SSD M.2 PCIE/ 14 FHD IPS/ Win10) - Hàng Chính Hãng - Acer vừa cho ra...",Yes,No,Yes,No
Laptop Dell Vostro 5502 NT0X01 (Core i5-1135G7/ 8GB DDR4 3200MHz/ 512GB M.2 PCIe NVMe/ MX330 2GB GDDR5/ 15.6 FHD/ Win10) - Hàng Chính Hãng,1336106057986,https://tiki.vn/laptop-dell-vostro-5502-nt0x01-core-i5-1135g7-8gb-ddr4-3200mhz-512gb-m-2-pcie-nvme-mx330-2gb-gddr5-15-6-fhd-win10-hang-chinh-hang-p81437709.html?src=ss-organic,https://salt.tikicdn.com/cache/280x280/ts/product/a0/70/f3/04883bbc01bdc5c21af782024dc73146.jpg,21.650.000 ₫,2%,0,"Laptop văn phòng bền bỉ
Laptop Dell Vostro 5502 NT0X01 (Core i5-1135G7/ 8GB DDR4 3200MHz/ 512GB M.2 PCIe NVMe/ MX330 2GB GDDR5/ 15.6 FHD/ Win10) - Hàng Chính Hãng được trang bị vi xử lý Intel core i5...",No,No,No,Yes
"Hyperdrive Gen2 12-In-1 For Macbook, Ipad Pro 2018-2020, PC & Devices (G212)-chính hãng",1456337246229,https://tiki.vn/hyperdrive-gen2-12-in-1-for-macbook-ipad-pro-2018-2020-pc-devices-g212-chinh-hang-p72864540.html?src=ss-organic,https://salt.tikicdn.com/cache/280x280/ts/product/0c/89/a1/c3e177df8de082458f1d29ecd8f5d5e1.jpg,3.290.000 ₫,3%,1,-HyperDrive GEN2 12 cổng USB-C Hub là một trung tâm USB-C thế hệ tiếp theo với cáp USB-C gắn liền có thể biến một cổng USB-C duy nhất trên thiết bị chủ / máy tính thành 12 cổng nguồn / tốc độ cao như...,No,No,No,No
Laptop Acer Swift 5 SF514-55T-51NZ NX.HX9SV.002 (Core i5-1135G7/ 8GB LPDDR4x 4267MHz/ 512GB PCIe NVMe SSD/ 14 FHD IPS Touch/ Win10) - Hàng Chính Hãng,6919436036900,https://tiki.vn/laptop-acer-swift-5-sf514-55t-51nz-nx-hx9sv-002-core-i5-1135g7-8gb-lpddr4x-4267mhz-512gb-pcie-nvme-ssd-14-fhd-ips-touch-win10-hang-chinh-hang-p73833678.html?src=ss-organic,https://salt.tikicdn.com/cache/280x280/ts/product/bf/06/29/53b04d064cecb51a464ac0a09f9c1dfb.jpg,24.149.000 ₫,7%,0,"Thiết kế sang trọng, hiện đại
Laptop Acer Swift 5 SF514-55T-51NZ NX.HX9SV.002 có vỏ máy được làm từ hợp kim giúp trọng lượng máy chỉ 1.04kg. Khung máy bằng kim loại nguyên khối với góc cạnh được gia...",Yes,No,Yes,No
Microsoft Surface Pro 2018 - Core i7-8650U/8G/256GB (KJU-00016) - Hàng Chính Hãng,4450615029822,https://tiki.vn/microsoft-surface-pro-2018-core-i7-8650u-8g-256gb-kju-00016-hang-chinh-hang-p8286686.html?src=ss-organic,https://salt.tikicdn.com/ts/upload/f3/74/46/f4c52053d220e94a047410420eaf9faf.png,38.080.000 ₫,17%,0,"
Nâng tầm sức mạnh
Microsoft Surface Pro 2018 là một kiệt tác đầy tính sáng tạo, vượt ra khỏi những khuôn khổ của một chiếc laptop. Bước sang thế hệ thứ 6, với những cải tiến mạnh mẽ về sức mạnh...",No,No,No,No
Laptop Acer Aspire 5 A515-55-55JA NX.HSMSV.003 (Core i5-1035G1/ 4GB/ 512GB SSD/ 15.6 FHD/ Win10) - Hàng Chính Hãng,3374943856183,https://tiki.vn/laptop-acer-aspire-5-a515-55-55ja-nx-hsmsv-003-core-i5-1035g1-4gb-512gb-ssd-15-6-fhd-win10-hang-chinh-hang-p56698077.html?src=ss-organic,https://salt.tikicdn.com/cache/280x280/ts/product/60/75/c3/cadf55fff2d8f3a2a69aaaae353602c5.jpg,14.789.000 ₫,13%,1,"Thiết kế mỏng nhẹ, linh động
Laptop Acer Aspire 5 A515-55-55JA NX.HSMSV.003 (Core i5-1035G1/ 4GB/ 512GB SSD/ 15.6 FHD/ Win10) - Hàng Chính Hãng có lớp vỏ bên ngoài với chất liệu nhôm trơn mịn giúp...",Yes,No,Yes,No
"Laptop MSI GS66 Stealth 10UG-073VN (Core i7-10870H/ 32GB (16GBx2) DDR4 3200MHz/ 2TB SSD PCIE G3X4/ RTX3070 Max-Q 8GB GDDR6/ 15.6 FHD IPS, 300Hz/ Win10) - Hàng Chính Hãng",7876574728825,https://tiki.vn/laptop-msi-gs66-stealth-10ug-073vn-core-i7-10870h-32gb-16gbx2-ddr4-3200mhz-2tb-ssd-pcie-g3x4-rtx3070-max-q-8gb-gddr6-15-6-fhd-ips-300hz-win10-hang-chinh-hang-p81509626.html?src=ss-organic,https://salt.tikicdn.com/cache/280x280/ts/product/ef/fe/6d/1b2cbe347c281272ef22d2098966c677.jpg,63.249.000 ₫,6%,0,"Thiết kế đậm chất gaming, màn hình hiển thị mượt mà
Laptop MSI GS66 Stealth 10UG-073VN mang đậm phong cách gaming với từng đường nét được hoàn thiện dứt khoát nhưng không kém phần tỉ mỉ. Thiết kế màu...",Yes,No,Yes,No
Laptop HP Pavilion 15-eg0070TU i5-1135G7/8GD4/512GSSD/15.6FHD/Wlac/BT5/3C41WHr/ALUp/VÀNG/W10SL/OFFICE_2L9H3PA Hàng chính hãng,5940090026661,https://tiki.vn/laptop-hp-pavilion-15-eg0070tu-i5-1135g7-8gd4-512gssd-15-6fhd-wlac-bt5-3c41whr-alup-vang-w10sl-office_2l9h3pa-hang-chinh-hang-p77060501.html?src=ss-organic,https://salt.tikicdn.com/cache/280x280/ts/product/5e/e8/6f/7c768a3612326f6cd1bfe5f0f9ea94cc.jpg,17.690.000 ₫,12%,0,"Model: 2L9H3PACPU: Intel Core i5-1135G7 (tối đa 4.20 GHz, 8MB)RAM: 8GB(2 x 4GB) DDR4 3200MHzỔ cứng: 512GB SSD PCIe (M.2 2280)VGA: Intel Iris Xe GraphicsMàn hình: 15.6 inch FHD (1920*1080), IPS,...",No,No,No,No
Laptop Acer Swift 3 SF314-58-39BZ NX.HPMSV.007 (Core i3-10110U/ 8GB (4GB x2) DDR4 2400MHz/ 512GB SSD M.2 PCIe NVMe/ 14 FHD IPS/ Win10) - Hàng Chính Hãng,4252292023069,https://tiki.vn/laptop-acer-swift-3-sf314-58-39bz-nx-hpmsv-007-core-i3-10110u-8gb-4gb-x2-ddr4-2400mhz-512gb-ssd-m-2-pcie-nvme-14-fhd-ips-win10-hang-chinh-hang-p52252114.html?src=ss-organic,https://salt.tikicdn.com/cache/280x280/ts/product/dc/67/10/7367dc429e0b84a03482eb5a3e030313.jpg,14.400.000 ₫,4%,0,"Thiết kế phong cách và sang trọng
Lớp vỏ Laptop Acer Swift 3 SF314-58-39BZ NX.HPMSV.007 được chế tạo từ chất liệu kim loại cao cấp kết hợp với các viền cắt kim cương được gia công tỉ mỉ đem lại vẻ...",No,No,No,Yes
"Laptop HP Pavilion Gaming 15-dk1086TX (Core i7-10750H,8GB RAM,512GB SSD,GF GTX 1650Ti 4GB,15.6""FHD,3cell,Win 10 Home 64,Black)_206R3PA - Hàng Chính Hãng",2348532175642,https://tiki.vn/laptop-hp-pavilion-gaming-15-dk1086tx-core-i7-10750h-8gb-ram-512gb-ssd-gf-gtx-1650ti-4gb-15-6-fhd-3cell-win-10-home-64-black-_206r3pa-hang-chinh-hang-p73165096.html?src=ss-organic,https://salt.tikicdn.com/cache/280x280/ts/product/56/a1/09/328de11f40c57a693d01c60df73fc74c.jpg,27.099.000 ₫,7%,0,"Laptop HP Pavilion Gaming mỏng và mạnh mẽ cho bạn trải nghiệm đồ họa cao cấp và sức mạnh xử lý đáp ứng nhu cầu chơi game và đa nhiệm của bạn.
Windows 10Tự tin làm những điều tuyệt vời với cảm giác...",Yes,No,Yes,No
Laptop Acer Aspire A514-52-516K NX.HMHSV.002 Core i5-10210U/ Win10 (14 FHD) - Hàng Chính Hãng,9556858727619,https://tiki.vn/laptop-acer-aspire-a514-52-516k-nx-hmhsv-002-core-i5-10210u-win10-14-fhd-hang-chinh-hang-p39940258.html?src=ss-organic,https://salt.tikicdn.com/cache/280x280/ts/product/9a/9a/50/8f5d06b17b20313ec1cf944a9525d18e.jpg,13.600.000 ₫,6%,0,"Thiết kế sang trọng phong cách
Laptop Acer Aspire A514-52-516K NX.HMHSV.002 có lớp vỏ được chế tạo từ chất liệu nhôm cao cấp với các họa tiết phây xước đem lại vẻ ngoài cực kỳ sang trọng từ cái nhìn...",No,Yes,No,No
"Laptop Dell Gaming G7 7500 G7500B (Core i7-10750H/ 8GB DDR4 3200MHz/ 512GB SSD M.2 PCIe/ GTX 1660Ti 6GB GDDR6/ 15.6 FHD WVA, 144Hz/ Win10) - Hàng Chính Hãng",4592315531929,https://tiki.vn/laptop-dell-gaming-g7-7500-g7500b-core-i7-10750h-8gb-ddr4-3200mhz-512gb-ssd-m-2-pcie-gtx-1660ti-6gb-gddr6-15-6-fhd-wva-144hz-win10-hang-chinh-hang-p77694535.html?src=ss-organic,https://salt.tikicdn.com/cache/280x280/ts/product/01/15/8c/207c21181f1702b3189a8efd2fe5e0d4.jpg,31.939.000 ₫,18%,0,"Thiết kế gọn gàng nhưng mạnh mẽ
Laptop Dell Gaming G7 7500 G7500B có nhiều cải tiến về thiết kế, kích thước máy được thu gọn đi, kích thước nhẹ hơn nhưng không kém phần hầm hố so với phiên bản trước....",Yes,Yes,Yes,No
Laptop Acer Aspire 3 A315-54-52HT NX.HM2SV.002 (Core i5-10210U/ 4GB DDR4 2133MHz Onboard/ 256GB SSD M.2 PCIE/ 15.6 FHD/ Win10) - Hàng Chính Hãng,1783907420735,https://tiki.vn/laptop-acer-aspire-3-a315-54-52ht-nx-hm2sv-002-core-i5-10210u-4gb-ddr4-2133mhz-onboard-256gb-ssd-m-2-pcie-15-6-fhd-win10-hang-chinh-hang-p42892572.html?src=ss-organic,https://salt.tikicdn.com/cache/280x280/ts/product/89/79/4c/a8117c7b102dfb6c26d25aaa27841337.jpg,12.590.000 ₫,7%,0,"Thiết kế đơn giản, thanh lịch và gọn nhẹ
Nếu như thiết kế của dòng Aspire 3 trước đây không có gì ấn tượng thì Laptop Acer Aspire 3 A315-54-52HT NX.HM2SV.002 (Core i5-10210U/ 4GB DDR4 2133MHz...",No,No,No,No
Laptop Lenovo Ideapad 5-15IIL05-81YK004VVN (Core i5-1035G1/ 8GB Onboard DDR4 3200MHz/ 256GB SSD M.2 NVMe/ MX330 2GB GDDR5/ Win10) - Hàng Chính Hãng,3187851669291,https://tiki.vn/laptop-lenovo-ideapad-5-15iil05-81yk004vvn-core-i5-1035g1-8gb-onboard-ddr4-3200mhz-256gb-ssd-m-2-nvme-mx330-2gb-gddr5-win10-hang-chinh-hang-p58362935.html?src=ss-organic,https://salt.tikicdn.com/cache/280x280/ts/product/ae/12/b0/e24053da536b33dcc39649eaa676e666.jpg,15.990.000 ₫,11%,0,"Hiệu năng tối ưu
Laptop Lenovo Ideapad 5-15IIL05-81YK004VVN được trang bị vi xử lý Intel Core thế hệ thứ 10 mới nhất cho khả năng xử lý nhanh chóng, mạnh mẽ và đáp ứng hoàn hảo cho năng suất làm...",No,Yes,No,No
Laptop Asus VivoBook S14 S433EA-AM439T (Core i5-1135G7/ 8GB DDR4 3200MHz/ 512GB SSD M.2 PCIE G3X2/ 14 FHD IPS/ Win10) - Hàng Chính Hãng,6866387653685,https://tiki.vn/laptop-asus-vivobook-s14-s433ea-am439t-core-i5-1135g7-8gb-ddr4-3200mhz-512gb-ssd-m-2-pcie-g3x2-14-fhd-ips-win10-hang-chinh-hang-p81299891.html?src=ss-organic,https://salt.tikicdn.com/cache/280x280/ts/product/39/cd/24/981a83d9343fa55f98a6f5bac1d2d312.jpg,17.729.000 ₫,7%,0,"Own the spotlight. Tôi là tâm điểm
Laptop Asus VivoBook S14 S433EA-AM439T (Core i5-1135G7/ 8GB DDR4 3200MHz/ 512GB SSD M.2 PCIE G3X2/ 14 FHD IPS/ Win10) - Hàng Chính Hãng, sự lựa chọn hàng đầu của...",Yes,No,No,No
Laptop Lenovo Ideapad 5-15IIL05-81YK004VVN (Core i5-1035G1/ 8GB Onboard DDR4 3200MHz/ 256GB SSD M.2 NVMe/ MX330 2GB GDDR5/ Win10) - Hàng Chính Hãng,3187851669291,https://tiki.vn/laptop-lenovo-ideapad-5-15iil05-81yk004vvn-core-i5-1035g1-8gb-onboard-ddr4-3200mhz-256gb-ssd-m-2-nvme-mx330-2gb-gddr5-win10-hang-chinh-hang-p58362935.html?src=ss-organic,https://salt.tikicdn.com/cache/280x280/ts/product/ae/12/b0/e24053da536b33dcc39649eaa676e666.jpg,15.990.000 ₫,11%,0,"Hiệu năng tối ưu
Laptop Lenovo Ideapad 5-15IIL05-81YK004VVN được trang bị vi xử lý Intel Core thế hệ thứ 10 mới nhất cho khả năng xử lý nhanh chóng, mạnh mẽ và đáp ứng hoàn hảo cho năng suất làm...",No,Yes,No,No
Microsoft Surface Laptop 2 - Core i5-8250U/RAM 8GB/ SSD 128GB - Hàng Chính Hãng,9860074257813,https://tiki.vn/microsoft-surface-laptop-2-core-i5-8250u-ram-8gb-ssd-128gb-hang-chinh-hang-p21043975.html?src=ss-organic,https://salt.tikicdn.com/ts/upload/f3/74/46/f4c52053d220e94a047410420eaf9faf.png,30.200.000 ₫,14%,0,"
Sau những thành công của Laptop Surface 1 thì Mircosoft đã bất ngờ công bố người đàn em của Surface Laptop 1 đó là Surface Laptop 2 i5 với nhiều thay đổi đáng kể về phần cứng. Hãy cùng tìm hiểu...",Yes,No,No,No
Laptop Acer Aspire A514-52-516K NX.HMHSV.002 Core i5-10210U/ Win10 (14 FHD) - Hàng Chính Hãng,9556858727619,https://tiki.vn/laptop-acer-aspire-a514-52-516k-nx-hmhsv-002-core-i5-10210u-win10-14-fhd-hang-chinh-hang-p39940258.html?src=ss-organic,https://salt.tikicdn.com/cache/280x280/ts/product/9a/9a/50/8f5d06b17b20313ec1cf944a9525d18e.jpg,13.600.000 ₫,6%,0,"Thiết kế sang trọng phong cách
Laptop Acer Aspire A514-52-516K NX.HMHSV.002 có lớp vỏ được chế tạo từ chất liệu nhôm cao cấp với các họa tiết phây xước đem lại vẻ ngoài cực kỳ sang trọng từ cái nhìn...",No,Yes,No,No
"Laptop MSI GS66 Stealth 10UG-073VN (Core i7-10870H/ 32GB (16GBx2) DDR4 3200MHz/ 2TB SSD PCIE G3X4/ RTX3070 Max-Q 8GB GDDR6/ 15.6 FHD IPS, 300Hz/ Win10) - Hàng Chính Hãng",7876574728825,https://tiki.vn/laptop-msi-gs66-stealth-10ug-073vn-core-i7-10870h-32gb-16gbx2-ddr4-3200mhz-2tb-ssd-pcie-g3x4-rtx3070-max-q-8gb-gddr6-15-6-fhd-ips-300hz-win10-hang-chinh-hang-p81509626.html?src=ss-organic,https://salt.tikicdn.com/cache/280x280/ts/product/ef/fe/6d/1b2cbe347c281272ef22d2098966c677.jpg,63.249.000 ₫,6%,0,"Thiết kế đậm chất gaming, màn hình hiển thị mượt mà
Laptop MSI GS66 Stealth 10UG-073VN mang đậm phong cách gaming với từng đường nét được hoàn thiện dứt khoát nhưng không kém phần tỉ mỉ. Thiết kế màu...",Yes,No,Yes,No
Laptop Acer Aspire  A514-51-37ZD (NX.H6USV.003. Intel Core I3-8145U - Hàng Nhập Khẩu,3693022232886,https://tiki.vn/laptop-acer-aspire-a514-51-37zd-nx-h6usv-003-intel-core-i3-8145u-hang-nhap-khau-p74560324.html?src=ss-organic,https://salt.tikicdn.com/cache/280x280/ts/product/a4/67/0e/7f104692b8e6343f62f2c6f5e262907b.jpg,8.990.000 ₫,10%,0,"Thông số kỹ thuật: 
Hệ điều hành : Windows 10 Home SL
Bộ vi xử lý : Intel Core i3-8145U (2.10Ghz upto 3.90GHz, 2Cores, 4Threads, 4MB Cache, FSB 4GT/s)
Màn hình : 14.0 inch HD (1366 x 768 pixel) Acer...",No,No,No,No
Laptop Acer Swift 3X SF314-510G-57MR NX.A10SV.004 (Core i5-1135G7/ 8GB LPDDR4X 4266MHz/ 512GB SSD M.2 PCIE Gen3x4/ 14 FHD IPS/ Win10) - Hàng Chính Hãng,4960259668832,https://tiki.vn/laptop-acer-swift-3x-sf314-510g-57mr-nx-a10sv-004-core-i5-1135g7-8gb-lpddr4x-4266mhz-512gb-ssd-m-2-pcie-gen3x4-14-fhd-ips-win10-hang-chinh-hang-p73838992.html?src=ss-organic,https://salt.tikicdn.com/cache/280x280/ts/product/0b/0c/88/2375817cf76702cdf31045fa5a9fe6fa.jpg,21.319.000 ₫,7%,0,"Sức mạnh gaming ẩn mình trong chiếc laptop mỏng nhẹ
Laptop Acer Swift 3X SF314-510G-57MR NX.A10SV.004 (Core i5-1135G7/ 8GB LPDDR4X 4266MHz/ 512GB SSD M.2 PCIE Gen3x4/ 14 FHD IPS/ Win10) - Hàng Chính...",Yes,No,Yes,No
LAPTOP ACER SWIFT SF314-54-38J3 NX.GXZSV.005 - Hàng chính hãng,4240090172218,https://tiki.vn/laptop-acer-swift-sf314-54-38j3-nx-gxzsv-005-hang-chinh-hang-p20848213.html?src=ss-organic,https://salt.tikicdn.com/cache/280x280/ts/product/3e/60/d6/5cdea94d592b90ebe5ebb37841d84843.jpg,10.190.000 ₫,29%,0,"
MÔ TẢ CHI TIẾT
 



Hãng sản xuất                                                          Acer


Tên sản phẩm                                                      Swift SF314-54-38J3 NX.GXZSV.005 –...",No,No,No,No
Laptop HP Pavilion 14-dv0009TU 2D7A7PA (Core i5-1135G7/ 8GB DDR4 3200Mhz/ 512GB PCIe NVMe M.2 SSD/ 14 FHD IPS/ Win10 + Office) - Hàng Chính Hãng,6996681741731,https://tiki.vn/laptop-hp-pavilion-14-dv0009tu-2d7a7pa-core-i5-1135g7-8gb-ddr4-3200mhz-512gb-pcie-nvme-m-2-ssd-14-fhd-ips-win10-office-hang-chinh-hang-p81588399.html?src=ss-organic,https://salt.tikicdn.com/cache/280x280/ts/product/4b/bc/73/0a70d8ac451eb969c98b5bdd8f4ad1c7.jpg,17.569.000 ₫,5%,0,"Thiết kế tinh tế, sang trọng
Laptop HP Pavilion 14-dv0009TU 2D7A7PA (Core i5-1135G7/ 8GB DDR4 3200Mhz/ 512GB PCIe NVMe M.2 SSD/ 14 FHD IPS/ Win10 + Office) - Hàng Chính Hãng với thiết kế tinh tế,...",Yes,No,Yes,No
"Laptop MSI GP65 Leopard 9SD-224VN (Core i7-9750H/ 16GB DDR4 2666MHz/ 512GB SSD PCIE/ GTX 1660Ti 6GB/ 15.6 FHD IPS 144Hz, 3ms/ Win10) - Hàng Chính Hãng",3019885068408,https://tiki.vn/laptop-msi-gp65-leopard-9sd-224vn-core-i7-9750h-16gb-ddr4-2666mhz-512gb-ssd-pcie-gtx-1660ti-6gb-15-6-fhd-ips-144hz-3ms-win10-hang-chinh-hang-p42705981.html?src=ss-organic,https://salt.tikicdn.com/cache/280x280/ts/product/e2/47/03/2d891afe6619f7e1fe3f79f5f73a7b34.jpg,37.990.000 ₫,None,0,"Thiết kế đậm chất game
Laptop MSI GP65 Leopard 9SD-224VN (Core i7-9750H/ 16GB DDR4 2666MHz/ 512GB SSD PCIE/ GTX 1660Ti 6GB/ 15.6 FHD IPS 144Hz, 3ms/ Win10) - Hàng Chính Hãng được sinh ra để hướng đến...",Yes,Yes,No,No
Laptop 2018 Dell Inspiron 7370-5593SLV Quad Core i5-8250U/ 8G/256SSD/FHD/Touch - Brand New - Hàng Nhập Khẩu,3358685064334,https://tiki.vn/laptop-2018-dell-inspiron-7370-5593slv-quad-core-i5-8250u-8g-256ssd-fhd-touch-brand-new-nhap-usa-tiki-vn-da-thong-bao-off-sku-khong-co-thong-tin-loai-hang-chinh-hang-nhap-khau-ngay-05-08-2019-p11629822.html?src=ss-organic,https://salt.tikicdn.com/cache/280x280/ts/product/1a/d5/b2/92058214e3f7a0458afbdb31619cd854.jpg,19.500.000 ₫,15%,0,"











Dell Inspiron 13 i7370-5593SLV-PUS

8th Generation Intel Core i5-8250U Processor (6MB Cache , up to 3.4 GHz) 
8GB 2400MHz DDR4, (1 x 8GB)
256 GB (SSD), No Optical Drive
13.3-inch FHD...",No,No,No,No
Laptop HP Pavilion Gaming 15-ec1054AX 1N1H6PA (AMD R5 4600H/8GB/128GB SSD-1TB HDD/15.6 FHD/Win 10) - Hàng Chính Hãng,4926342050229,https://tiki.vn/laptop-hp-pavilion-gaming-15-ec1054ax-1n1h6pa-amd-r5-4600h-8gb-128gb-ssd-1tb-hdd-15-6-fhd-win-10-hang-chinh-hang-p59107689.html?src=ss-organic,https://salt.tikicdn.com/cache/280x280/ts/product/2c/56/a9/9754c0ca1ebc277baadee553efa02054.png,18.339.000 ₫,8%,2,"Laptop HP Pavilion Gaming 15-ec1054AX 1N1H6PA
Nếu yêu thích sự độc đáo trong thiết kế cũng như hiệu năng tốt để làm việc và giải trí với các tựa game online mình yêu thích, laptop HP Pavilion Gaming...",Yes,No,Yes,No
Laptop HP ProBook 445 G7 1A1A6PA (AMD Ryzen 5-4500U/ 8GB DDR4 3200MHz/ 512GB SSD M.2 PCIE/ 14 FHD IPS/ Win10) - Hàng Chính Hãng,1351960152292,https://tiki.vn/laptop-hp-probook-445-g7-1a1a6pa-amd-ryzen-5-4500u-8gb-ddr4-3200mhz-512gb-ssd-m-2-pcie-14-fhd-ips-win10-hang-chinh-hang-p72537338.html?src=ss-organic,https://salt.tikicdn.com/cache/280x280/ts/product/a8/56/e3/83f1b1d37cecae5a46dbcee2131e0e8f.jpg,17.119.000 ₫,10%,0,"Thiết kế vỏ kim loại nguyên khối sang trọng, hiện đại
Laptop HP ProBook 445 G7 1A1A6PA có kiểu dáng bắt mắt với độ mỏng 18 mm và chỉ nặng 1.564 kg. Khung máy siêu mỏng với đường nét chắc chắn, cạnh...",Yes,Yes,No,No
Laptop Acer Swift 3 SF314-57-52GB NX.HJFSV.001 (Core i5-1035G1/ 8GB DDR4 2666MHz/ 512GB SSD M.2 PCIe/ 14 FHD IPS/ Win10) - Hàng Chính Hãng,3327410768458,https://tiki.vn/laptop-acer-swift-3-sf314-57-52gb-nx-hjfsv-001-core-i5-1035g1-8gb-ddr4-2666mhz-512gb-ssd-m-2-pcie-14-fhd-ips-win10-hang-chinh-hang-p45067978.html?src=ss-organic,https://salt.tikicdn.com/cache/280x280/ts/product/07/c7/fd/65b2d0e20bd18e58849af8f06b21deaf.jpg,18.900.000 ₫,0%,0,"Thiết kế vỏ nhôm nguyên khối sang trọng
Laptop Acer Swift 3 SF314-57-52GB NX.HJFSV.001 được chế tạo từ chất liệu kim loại cao cấp kết hợp với các viền cắt kim cương được gia công tỉ mỉ đem lại vẻ...",No,Yes,No,Yes
"Laptop MSI GE66 Raider 10SF-483VN (Core i7-10875H/ 16GB (8GB x2) DDR4 2666MHz/ 1TB SSD PCIe G3X4/ RTX 2070 8GB GDDR6/ 15.6 FHD IPS, 240Hz/Win10) - Hàng Chính Hãng",1244553002018,https://tiki.vn/laptop-msi-ge66-raider-10sf-483vn-core-i7-10875h-16gb-8gb-x2-ddr4-2666mhz-1tb-ssd-pcie-g3x4-rtx-2070-8gb-gddr6-15-6-fhd-ips-240hz-win10-hang-chinh-hang-p77710882.html?src=ss-organic,https://salt.tikicdn.com/cache/280x280/ts/product/e4/bb/5a/94bd66b238f826332c250a8465db1007.jpg,56.919.000 ₫,5%,0,"Hiệu năng xử lý tối ưu
Laptop MSI GE66 Raider 10SF-483VN được trang bị bộ vi xử lý Intel Core i7-10875H thế hệ mới nhất, bộ nhớ 16GB RAM DDR4 và ổ lưu trữ SSD tốc độ cao đem đến khả năng xử lý đa...",Yes,Yes,Yes,No
Combo Laptop AVITA LIBER V 14 màu đám mây bạc + Balo - Hàng chính hãng,4329911682928,https://tiki.vn/combo-laptop-avita-liber-v-14-mau-dam-may-bac-balo-hang-chinh-hang-p67863806.html?src=ss-organic,https://salt.tikicdn.com/ts/upload/f3/74/46/f4c52053d220e94a047410420eaf9faf.png,16.990.000 ₫,6%,0,"LIBER V 14"" Cloud Silver with Backpack - Intel Core i5-10210U/8GB RAM/512GB SSD
- Hệ điều hành: Windows 10 Home
- CPU: Intel Core i5-10210U
- Màn hình: Tấm nền IPS chống lóa 14 ""16: 9 Full HD (1920 x...",No,No,No,No
Combo Laptop AVITA LIBER V 14 màu thiên thần xanh + Balo - Hàng chính hãng,1091680223000,https://tiki.vn/combo-laptop-avita-liber-v-14-mau-thien-than-xanh-balo-hang-chinh-hang-p67997739.html?src=ss-organic,https://salt.tikicdn.com/cache/280x280/ts/product/9b/b7/f6/caa12443dc96db71128a8d94029e33c5.jpg,16.990.000 ₫,6%,0,"LIBER V 14"" Angel Blue with Backpack - Intel Core i5-10210U/8GB RAM/512GB SSD
- Hệ điều hành: Windows 10 Home
- CPU: Intel Core i5-10210U
- Màn hình: Tấm nền IPS chống lóa 14 ""16: 9 Full HD (1920 x...",Yes,No,No,No
Laptop MSI Prestige 14 Evo A11M-089VN (Core i7-1185G7/ 16GB LPDDR4X/ 512GB PCIe NVMe Gen4x4/ 14 FHD IPS/ Win10) - Hàng Chính Hãng,2595734706024,https://tiki.vn/laptop-msi-prestige-14-evo-a11m-089vn-core-i7-1185g7-16gb-lpddr4x-512gb-pcie-nvme-gen4x4-14-fhd-ips-win10-hang-chinh-hang-p73159012.html?src=ss-organic,https://salt.tikicdn.com/cache/280x280/ts/product/a5/38/1e/705f4628bd0378b08c795a8a0aa339db.jpg,28.129.000 ₫,6%,1,"Hiệu năng xử lý tối ưu
Laptop MSI Prestige 14 Evo A11M-089VN được trang bị bộ vi xử lý Intel thế hệ mới nhất, bộ nhớ RAM DDR4 và ổ lưu trữ SSD tốc độ cao đem đến khả năng xử lý đa nhiệm một cách...",Yes,Yes,Yes,No
Surface Book 2 13 Inch Core I5 Ram 8Gb Ssd 128Gb (New) - Hàng chính hãng,2952917925151,https://tiki.vn/surface-book-2-13-inch-core-i5-ram-8gb-ssd-128gb-new-hang-chinh-hang-p55657806.html?src=ss-organic,https://salt.tikicdn.com/ts/upload/f3/74/46/f4c52053d220e94a047410420eaf9faf.png,33.000.000 ₫,6%,0," 




Màn hình


13.5 inch




Độ phân giải


3240 x 2160, (260 PPI)




Hệ điều hành


Windows 10 Pro




CPU


Intel Core i5




Bộ nhớ


SSD 128GB




RAM


8GB




Đồ họa


GPU tích hợp đồ họa...",No,No,No,No
Laptop Asus Vivobook X515JA-EJ605T (Core i5-1035G1/ 4GB DDR4 2666MHz/ 512GB SSD M.2 PCIE G3X4/ 15.6 FHD/ Win10) - Hàng Chính Hãng,2791132468506,https://tiki.vn/laptop-asus-vivobook-x515ja-ej605t-core-i5-1035g1-4gb-ddr4-2666mhz-512gb-ssd-m-2-pcie-g3x4-15-6-fhd-win10-hang-chinh-hang-p81299889.html?src=ss-organic,https://salt.tikicdn.com/cache/280x280/ts/product/b2/a9/9b/e07e4c66cee8eac22c67a9389cc7db89.jpg,14.209.000 ₫,5%,0,"Kích thước nhỏ gọn, màn hình 15.6 inch Full HD
Laptop Asus Vivobook X515JA-EJ605T (Core i5-1035G1/ 4GB DDR4 2666MHz/ 512GB SSD M.2 PCIE G3X4/ 15.6 FHD/ Win10) - Hàng Chính Hãng sở hữu thiết kế quen...",Yes,No,No,No
Laptop HP Pavilion 15-eg0071TU (2P1M7PA) ( i5-1135G7/8GB RAM/256GB SSD/15.6 FHD/Win10/Office/Vàng)_D - Hàng chính hãng,2792222554161,https://tiki.vn/laptop-hp-pavilion-15-eg0071tu-2p1m7pa-i5-1135g7-8gb-ram-256gb-ssd-15-6-fhd-win10-office-vang-_d-hang-chinh-hang-p76272014.html?src=ss-organic,https://salt.tikicdn.com/cache/280x280/ts/product/1a/cf/50/b16baf096f534efeb210c2ef2a3508bf.png,16.990.000 ₫,6%,0,"CPU: Intel Core i5-1135G7 (tối đa 4.20 GHz, 8MB)
RAM: 8GB DDR4 3200MHz
Ổ cứng: 256GB SSD PCIe (M.2 2280)
VGA: Intel Iris Xe Graphics
Màn hình: 15.6 inch diagonal FHD (1920 x 1080) 60Hz, IPS,...",No,No,No,No
Laptop HP 14s-cf2043TU 1U3K6PA (Pen N6405/ 4GB/ 256GB SSD/ 14 HD/ Win10) - Hàng Chính Hãng,4760652479192,https://tiki.vn/laptop-hp-14s-cf2043tu-1u3k6pa-pen-n6405-4gb-256gb-ssd-14-hd-win10-hang-chinh-hang-p63905371.html?src=ss-organic,https://salt.tikicdn.com/cache/280x280/ts/product/72/e1/4d/5315e6a4637bc998182b161e2a947479.jpg,7.679.000 ₫,5%,9,"Thiết kế nhỏ gọn tiện lợi
Laptop HP 14s-cf2043TU 1U3K6PA có kích thước nhỏ gọn siêu di động nhờ thiết kế viền mỏng và chế tác bằng chất liệu kim loại nguyên khối màu bạc đẹp mắt. Đây dường như là ưu...",Yes,Yes,Yes,No
Laptop Acer Aspire 5 A515-54-54EU NX.HN3SV.002 Core i5-10210U/ Win10 (15.6 FHD) - Hàng Chính Hãng,2082528505661,https://tiki.vn/laptop-acer-aspire-5-a515-54-54eu-nx-hn3sv-002-core-i5-10210u-win10-15-6-fhd-hang-chinh-hang-p39940256.html?src=ss-organic,https://salt.tikicdn.com/cache/280x280/ts/product/e2/c6/f8/42c53999fcc2f85b7a70176faf14109b.jpg,13.990.000 ₫,13%,0,"Thiết kế sang trọng phong cách
Laptop Acer Aspire 5 A515-54-54EU NX.HN3SV.002 có lớp vỏ được chế tạo từ chất liệu nhôm cao cấp với các họa tiết phây xước đem lại vẻ ngoài cực kỳ sang trọng từ cái...",No,No,No,No
"Đế dựng dành cho Laptop, MacBoook Air/Pro, Dell XPS, Surface Laptop TOMTOC nhôm cao cấp - B4-002S - hàng chính hãng",9678950755342,https://tiki.vn/de-dung-danh-cho-laptop-macboook-air-pro-dell-xps-surface-laptop-tomtoc-nhom-cao-cap-b4-002s-hang-chinh-hang-p8601751.html?src=ss-organic,https://salt.tikicdn.com/ts/upload/f3/74/46/f4c52053d220e94a047410420eaf9faf.png,999.000 ₫,17%,0,"Đế tản nhiệt TOMTOC Folding Aluminum cho iPad/Macbook/Tablet/Laptop 11”- 15.6""
Tại sao mua sản phẩm này!?

Thương hiệu TOMTOC chất lượng, cao cấp
Giúp chỉnh góc nhìn chống khòm lưng và cột sống
Thiết...",No,No,No,No
LapTop Lenovo V14 IIL - 82C400W3VN | Intel Core i5 _ 1035G1 | 4GB | 256GB SSD PCIe | VGA INTEL  | 14 inch HD | FreeDos | Hàng Chính Hãng,2084606252245,https://tiki.vn/laptop-lenovo-v14-iil-82c400w3vn-intel-core-i5-_-1035g1-4gb-256gb-ssd-pcie-vga-intel-14-inch-full-hd-freedos-hang-chinh-hang-p67982880.html?src=ss-organic,https://salt.tikicdn.com/ts/upload/f3/74/46/f4c52053d220e94a047410420eaf9faf.png,13.000.000 ₫,5%,1,"Thông Số Kỹ Thuật CPU 10th Generation Intel Core i5 _ 1035G1 Processor (1.00 GHz, 6M Cache, up to 3.60 GHz)Memory 4GB DDr4 Bus 2666Mhz Onboard (1 x Slot RAM)Storage 256GB PCIe NVMe M.2 SSD (Support x...",No,No,No,No
Laptop HP Pavilion 14-dv0012TU 2D7B7PA (Core i5-1135G7/ 8GB DDR4 3200Mhz/ 512GB PCIe NVMe M.2 SSD/ 14 FHD IPS/ Win10 + Office) - Hàng Chính Hãng,5710462778481,https://tiki.vn/laptop-hp-pavilion-14-dv0012tu-2d7b7pa-core-i5-1135g7-8gb-ddr4-3200mhz-512gb-pcie-nvme-m-2-ssd-14-fhd-ips-win10-office-hang-chinh-hang-p81588405.html?src=ss-organic,https://salt.tikicdn.com/cache/280x280/ts/product/ae/92/17/a92598a98bcbb547c2e80f4336a32675.jpg,17.809.000 ₫,4%,0,"Thiết kế tinh tế
Laptop HP Pavilion 14-dv0012TU 2D7B7PA (Core i5-1135G7/ 8GB DDR4 3200Mhz/ 512GB PCIe NVMe M.2 SSD/ 14 FHD IPS/ Win10 + Office) - Hàng Chính Hãng gây ấn tượng với thiết kế mỏng và...",Yes,No,Yes,No
"Laptop Acer Nitro 5 AN515-54-595D Core i5-9300H,  8GB, 512GB, NVIDIA GeForce GTX 1650 4GB, 15'6 inch Win10 - Hàng Chính Hãng",8433827763391,https://tiki.vn/laptop-acer-nitro-5-an515-54-595d-core-i5-9300h-8gb-512gb-nvidia-geforce-gtx-1650-4gb-15-6-inch-win10-hang-chinh-hang-p33574482.html?src=ss-organic,https://salt.tikicdn.com/cache/280x280/ts/product/4b/0f/e5/4705f2d72d63142fadeac93e4cfdd6cb.jpg,18.790.000 ₫,26%,0,"Thông số Acer Nitro 5 AN515-54-595D



CPU
Intel Core i5-9300H 2.4GHz up to 4.1GHz 8MB


RAM
8GB DDR4 2666MHz (2x SO-DIMM socket, up to 32GB SDRAM)


Ổ cứng
512GB SSD M.2 PCIE


Card đồ họa
NVIDIA...",No,No,No,No
"Laptop Asus ROG Zephyrus G14 GA401IV-HA108T (AMD R9-4900HS/ 16GB DDR4 3200MHz/ 1TB SSD PCIE G3X4/ GTX 2060 6GB GDDR6/ 14 WQHD IPS, 60Hz/ AniMe Matrix/ Win10) - Hàng Chính Hãng",5025735269352,https://tiki.vn/laptop-asus-rog-zephyrus-g14-ga401iv-ha108t-amd-r9-4900hs-16gb-ddr4-3200mhz-1tb-ssd-pcie-g3x4-gtx-2060-6gb-gddr6-14-wqhd-ips-60hz-anime-matrix-win10-hang-chinh-hang-p81299381.html?src=ss-organic,https://salt.tikicdn.com/cache/280x280/ts/product/3d/f1/8b/50bed52dcc8fa608bbb0ebd51e9918c8.jpg,40.299.000 ₫,10%,0,"
 
Trong thời gian vừa qua, ASUS ROG đang khiến các game thủ đứng ngồi không yên khi liên tục nhá hàng laptop sắp ra mắt Zephyrus G14/G15, chiếc laptop được mệnh danh là laptop gaming mạnh nhất thế...",Yes,No,No,No
Laptop HP ProBook 455 G7 1A1B1PA (AMD R7-4700U/ 8GB DDR4 3200MHz/ 512GB SSD M.2 PCIE/ 15.6 FHD IPS/ Win10) - Hàng Chính Hãng,2635046773120,https://tiki.vn/laptop-hp-probook-455-g7-1a1b1pa-amd-r7-4700u-8gb-ddr4-3200mhz-512gb-ssd-m-2-pcie-15-6-fhd-ips-win10-hang-chinh-hang-p63905369.html?src=ss-organic,https://salt.tikicdn.com/cache/280x280/ts/product/03/bd/be/69e06711fd2ee4aeeda4ca8d87f443b5.jpg,20.649.000 ₫,6%,6,"Thiết kế sang trọng và phong cách
Laptop HP ProBook 455 G7 1A1B1PA sở hữu một thiết kế sang trọng, lịch lãm và bền bỉ cho mọi doanh nghiệp. Toàn bộ khung máy được chế tác gọn nhẹ với màn hình gần như...",Yes,No,Yes,No
Laptop HP 340s G7 )i5-1035G1/8GD4/512GSSD/14.0FHD/FP/WL/BT/3C41WHr/XÁM/W10SL) 36A35PA - Hàng chính hãng,4424701064023,https://tiki.vn/laptop-hp-340s-g7-i5-1035g1-8gd4-512gssd-14-0fhd-fp-wl-bt-3c41whr-xam-w10sl-36a35pa-hang-chinh-hang-p86161961.html?src=ss-organic,https://salt.tikicdn.com/cache/280x280/ts/product/34/0e/57/98d08856cc2c33f08c71a2fcd594ddd4.jpg,16.690.000 ₫,7%,0,"Có thiết kế trang nhã sang trọng khi được phủ một lớp màu bạc bóng bẩy, những đường nét tinh tế cao cấp đảm bảo tính thẩm mĩ cao. Với trọng lượng chỉ 1.3kg có thể dễ dàng để  trong ba lô hay túi xách...",No,No,No,No
Laptop HP Pavilion 15-eg0008TU i3-1115G4/4GD4/256GSSD/15.6FHD/Wlac/BT5/3C41WHr/ALUp/VÀNG/W10SL/OFFICE_2D9K5PA_Hàng chính hãng,1068047558080,https://tiki.vn/laptop-hp-pavilion-15-eg0008tu-i3-1115g4-4gd4-256gssd-15-6fhd-wlac-bt5-3c41whr-alup-vang-w10sl-office_2d9k5pa_hang-chinh-hang-p85378141.html?src=ss-organic,https://salt.tikicdn.com/cache/280x280/ts/product/62/fe/4a/53a21e99c396d2e0483ff2aa3570eb7e.jpg,14.050.000 ₫,3%,0,"Model: 2D9K5PACPU: Intel Core i3-1115G4 (upto 4.10GHz, 6MB)RAM: 4GB(1 x 4GB) DDR4-3200Mhz( 2 khe)Ổ cứng: 256GB PCIe NVMe M.2 SSDVGA: Intel UHD GraphicsMàn hình: 15.6 inch, FHD (1920 x 1080), IPS,...",No,No,No,No
Laptop HP 340s G7 i7-1065G7/8GD4/256GSSD/14.0FHD/FP/WL/BT/3C41WHr/XÁM/W10SL_36A36PA Hàng chính hãng,7096627375037,https://tiki.vn/laptop-hp-340s-g7-i7-1065g7-8gd4-256gssd-14-0fhd-fp-wl-bt-3c41whr-xam-w10sl_36a36pa-hang-chinh-hang-p87004942.html?src=ss-organic,https://salt.tikicdn.com/cache/280x280/ts/product/78/a6/c6/204fd34e691b1edfb087739177833baf.png,19.190.000 ₫,4%,0,"Model: 36A36PA_DCPU: Intel Core i7-1065G7RAM/SSD: 8GB DDR4 /256GB SSDVGA : Intel UHD GraphicsMàn hình: 14 Inch Full HDHệ điều hành:Windows 10 HomeMàu sắc:Xám
HP là một trong những thương hiệu laptop...",No,No,No,No
"Laptop Acer Aspire 7 A715-42G-R4ST (NH.QAYSV.004) Đen (Cpu R5-5500U, Ram 8GB, Ssd 256gb Pcie, Vga 4G Gtx 1650, Win10, 15.6 inch FHD) - Hàng chính hãng",2959366243228,https://tiki.vn/laptop-acer-aspire-7-a715-42g-r4st-nh-qaysv-004-den-cpu-r5-5500u-ram-8gb-ssd-256gb-pcie-vga-4g-gtx-1650-win10-15-6-inch-fhd-hang-chinh-hang-p85272029.html?src=ss-organic,https://salt.tikicdn.com/cache/280x280/ts/product/e8/52/86/be36f361f7f6362c551d3f083ceaff05.jpg,17.890.000 ₫,10%,0,"Acer Aspire 7 A715-42G-R4ST

ASPIRE 7 A715-42G-R4ST LAPTOP GAMING TỐT NHẤT PHÂN KHÚC
Aspire 7 A715-42G-R4ST tích hợp Card đồ họa NVIDIA GTX1650 4GB GDDR6 ra mắt năm 2021, là laptop đa dụng nhất....",No,No,No,Yes
Laptop HP 340s G7 i5-1035G1/4GD4/512GSSD/14.0FHD/FP/WL/BT/3C41WHr/XÁM/W10SL_2G5C3PA Hàng chính hãng,1436319866310,https://tiki.vn/laptop-hp-340s-g7-i5-1035g1-4gd4-512gssd-14-0fhd-fp-wl-bt-3c41whr-xam-w10sl_2g5c3pa-hang-chinh-hang-p85685016.html?src=ss-organic,https://salt.tikicdn.com/cache/280x280/ts/product/78/a6/c6/83df1dd90f1a7a91e75267567b732444.png,15.990.000 ₫,3%,0,"Thông số kỹ thuật
CPU Intel Core i5-1035G1 1.0GHz up to 3.6GHz 6MB
RAM 4GB DDR4 2666MHz (2 KHE CẮM , UP TO 16GB)
Ổ cứng 512GB PCIe NVMe M.2 SSD
Card đồ họa Intel UHD Graphics
Màn hình 14"" FHD (1920...",No,No,No,No
Laptop Asus Vivobook D515UA-EJ082T (AMD R7-5700U/ 8GB DDR4 2666MHz/ 15.6 FHD/ Win10) - Hàng Chính Hãng,9427741786875,https://tiki.vn/laptop-asus-vivobook-d515ua-ej082t-amd-r7-5700u-8gb-ddr4-2666mhz-15-6-fhd-win10-hang-chinh-hang-p81319401.html?src=ss-organic,https://salt.tikicdn.com/cache/280x280/ts/product/1d/f7/f1/747cc936ca005a36abed816085a91020.jpg,16.049.000 ₫,6%,0,"Làm việc nhanh chóng và hiệu quả
Mọi công việc của bạn sẽ đều trở nên nhanh chóng và hiệu quả hơn nhờ cấu hình mạnh mẽ của Laptop Asus Vivobook D515UA-EJ082T. Phiên bản trong bài viết trang bị bộ vi...",Yes,No,No,No
Laptop HP 348 G7 9PH23PA (Core i7-10510U/ 8GB DDR4 2666MHz/ 512GB PCIe NVMe/ AMD R530 2GB/ 14 FHD/ Win10) - Hàng Chính Hãng,1659209116471,https://tiki.vn/laptop-hp-348-g7-9ph23pa-core-i7-10510u-8gb-ddr4-2666mhz-512gb-pcie-nvme-amd-r530-2gb-14-fhd-win10-hang-chinh-hang-p49347478.html?src=ss-organic,https://salt.tikicdn.com/cache/280x280/ts/product/ca/8e/19/a821e267bc03ea2589e6cb0156e94e03.jpg,20.149.000 ₫,4%,0,"Hiệu năng mạnh mẽ, tốc độ nhanh chóng
Laptop HP 348 G7 9PH23PA (Core i7-10510U/ 8GB DDR4 2666MHz/ 512GB PCIe NVMe/ AMD R530 2GB/ 14 FHD/ Win10) là mẫu laptop giá mềm, thiết kế đẹp của HP, tập trung...",Yes,No,Yes,No
